Workbook

Sheet Uncertanity Evaluation
A1: ESTIMATION OF UNCERTAINTY
I2: PLANT - 2
A4: 1. Laboratory : | C4: SANSERA ENGINEERING LTD | G4: Date: | I4: 06.11.2024
A6: 2.Device under calibration: Setting Ring Gauge (Eqp.No.-10128150)
A7: Measured range : Ø91.005mm | N7: 0.3 | O7: ==100/750 -> =100/750
A8: Resolution: NA | N8: ==M7+N7 -> =M7+N7
A10: 3.Standards / Equipment used for calibration :
A12: Sl.No. | B12: Standard / Equipment | C12: Range mm | E12: Resolution mm | G12: Uncertainty µm | H12: Accuracy | I12: Traceability
A13: 1 | B13: {{master_1_name}} | C13: {{master_1_range}} | E13: {{master_1_resolution}} | G13: {{master_1_uncertainty}} | H13: {{master_1_accuracy}} | I13: {{master_1_traceability}} | O13: ==1.7+(75/500) -> =1.7+(75/500)
A16: 4. Temperature during calibration (Deg C) : | H16: {{master_1_accuracy}} | O16: 1.7
O17: ==75/400 -> =75/400
B18: Beginning | C18: Middle | E18: End | G18: Mean | H18: {{master_1_accuracy}} | I18: RH% | O18: ==N16+N17 -> =N16+N17
B19: 20.1 | C19: 20.0 | E19: 20.1 | G19: 20.07 | H19: {{master_1_accuracy}} | I19: 52.5
A21: 5. Type A | H21: {{master_1_accuracy}}
B22: Number of Readings = | E22: 10 | H22: {{master_1_accuracy}}
B24: Readings mm | C24: Mean mm | D24: in µm | F24: in µm | G24: Standard Deviation in µm | H24: {{master_1_accuracy}}
B25: 91.0124 | C25: ==AVERAGE(B25:B34) -> =AVERAGE(B25:B34) | D25: ==(B25- C25)*1000 -> =(B25- C25)*1000 | F25: ==D25^2 -> =D25^2 | H25: {{master_1_accuracy}}
B26: 91.0124 | D26: ==(B26- C25)*1000 -> =(B26- C25)*1000 | F26: ==D26*D26 -> =D26*D26 | H26: {{master_1_accuracy}}
B27: 91.0126 | D27: ==(B27- C25)*1000 -> =(B27- C25)*1000 | F27: ==D27*D27 -> =D27*D27 | H27: {{master_1_accuracy}}
B28: 91.0126 | D28: ==(B28- C25)*1000 -> =(B28- C25)*1000 | F28: ==D28*D28 -> =D28*D28 | G28: ==SQRT(F35/(E22-1)) -> =SQRT(F35/(E22-1)) | H28: {{master_1_accuracy}}
B29: 91.0126 | D29: ==(B29- C25)*1000 -> =(B29- C25)*1000 | F29: ==D29*D29 -> =D29*D29 | G29: ==MAX(observation!F19) -> =MAX(observation!F19) | H29: {{master_1_accuracy}}
B30: 91.0128 | D30: ==(B30- C25)*1000 -> =(B30- C25)*1000 | F30: ==D30*D30 -> =D30*D30 | H30: {{master_1_accuracy}}
B31: 91.0127 | D31: ==(B31- C25)*1000 -> =(B31- C25)*1000 | F31: ==D31*D31 -> =D31*D31 | H31: {{master_1_accuracy}}
B32: 91.0128 | D32: ==(B32- C25)*1000 -> =(B32- C25)*1000 | F32: ==D32*D32 -> =D32*D32 | H32: {{master_1_accuracy}}
B33: 91.0128 | D33: ==(B33- C25)*1000 -> =(B33- C25)*1000 | F33: ==D33*D33 -> =D33*D33 | H33: {{master_1_accuracy}}
B34: 91.012 | D34: ==(B34- C25)*1000 -> =(B34- C25)*1000 | F34: ==D34*D34 -> =D34*D34 | H34: {{master_1_accuracy}}
F35: ==SUM(F25:F34) -> =SUM(F25:F34)
A37: 6.0 Standard deviation of the mean : | E37: n = | G37: ==(G29/SQRT(E22)) -> =(G29/SQRT(E22)) | H37: {{master_1_accuracy}} | I37: µm
A39: 7.0 Degree of Freedom : | E39: ==E22-1 -> =E22-1 | H39: {{master_1_accuracy}}
A42: Study Conducted by: Balachandar M | G42: Witnessed By:

Sheet 2nd Page
A1: ESTIMATION OF UNCERTAINTY
E2: PLANT - 2
A3: 8.0 Type B Evaluation
A4: Source of Uncertainity | E4: Sensitivity Co-Efficient
A5: U1 = | B5: ==+'Uncertanity Evaluation'!G13 -> =+'Uncertanity Evaluation'!G13 | C5: µm | D5: Uncertanity mentioned in the calibration of CMM | E5: 1 | I5: 0.3 | J5: ==100/750 -> =100/750
I6: ==I5+J5 -> =I5+J5
A7: U2 = | B7: 1.5 | C7: µm | D7: Uncertainty of the maximum error in the calibration report of CMM/Manufacturer's declaration | E7: 1
A9: U3 = | B9: 0.05 | C9: µm | D9: Resolution of Master equipment Used | E9: 1
A11: U4 = | B11: 0.3 | C11: °C | D11: Uncertanity mentioned in the calibration Report of Thermometer (0.100*0.3*(11.5+11.5)/2=0.09µm/°C | E11: 0.345 | G11: U4 | H11: ==(0.1*0.3*(11.5+11.5)/2) -> =(0.1*0.3*(11.5+11.5)/2)
A13: U5 = | B13: 0.21 | C13: °C | D13: Uncertanity due to error of the thermometer (0.100*0.2*(11.5+11.5)/2=0.37µm/°C | E13: 0.24 | G13: U5 | H13: ==((0.1*0.21*(11.5+11.5))/2) -> =((0.1*0.21*(11.5+11.5))/2)
J14: Accuracy Formula
A15: U6 = | B15: 0.3 | C15: °C | D15: Uncertainty due to the difference in temperature of calibration & 20 deg centigrate. | E15: 1.15 | G15: UL | H15: ==(11.5+11.5)/2*0.1 -> =(11.5+11.5)/2*0.1 | I15: U2- | J15: ±(1.7+L/300) | K15: L= mm
D16: Ci = alphaavg* length = (11.5+11.5)/2 *0.100 = 1.15
A17: U7 = | B17: 0.5 | C17: °C | D17: Uncertainty due to Temperature difference between test and Ref items | E17: 1.15 | J17: 1.7 | K17: ==100/300 -> =100/300
D18: Ci = alphaavg* length = (11.5+11.5)/2 *0.100 = 1.15 | K18: ==J17+K17 -> =J17+K17
A19: U8 = | B19: 1.62 | C19: µ/°C/mtr | D19: Uncertainty due to Uncertanity of thermal coefficient of thermal expansion of test and ref. ( Assumed to be 10% root means square of Alpha) | E19: 0.2 | H19: ==2*0.1 -> =2*0.1
D20: Ci = Environmental Control* Length = 2.0°C * 0.100m = 0.2m°C
A21: U9 = | B21: ==+'Uncertanity Evaluation'!G29 -> =+'Uncertanity Evaluation'!G29 | C21: µm | D21: Type A | E21: 1
A43: Study Conducted by: Balachandar M Witnessed By :

Sheet 3rd page
A1: ESTIMATION OF UNCERTAINTY
M2: PLANT - 2
A3: UNCERTAINTY BUDGET :
A4: Source of Uncertanity X i | C4: Estimate x i | D4: Limits ± xi (µm) | E4: Probability Disturbution Type A or TypeB | G4: Standard uncertainity u(xi) | I4: Sensitivity Co-efficient ci | K4: Uncertainity Contribution ui (y) in µm | M4: Degree of freedom V i
A5: U1 | C5: =='2nd Page'!B5 -> ='2nd Page'!B5 | D5: ==C5/2 -> =C5/2 | E5: ==IF(F5=2,"Normal-B",IF(F5=3,"Rectangular-B", "")) -> =IF(F5=2,"Normal-B",IF(F5=3,"Rectangular-B", "")) | F5: 2 | G5: ==IF(F5=2, C5/2,IF(F5=3,C5/SQRT(3), )) -> =IF(F5=2, C5/2,IF(F5=3,C5/SQRT(3), )) | H5: ==+'2nd Page'!C5 -> =+'2nd Page'!C5 | I5: =='2nd Page'!E5 -> ='2nd Page'!E5 | J5: µm | K5: ==G5*I5 -> =G5*I5 | L5: ==K5*K5 -> =K5*K5 | M5: ∞
A6: U2 | C6: =='2nd Page'!B7 -> ='2nd Page'!B7 | D6: ==C6/2 -> =C6/2 | E6: Rectangular-B | F6: 2 | G6: ==IF(F6=2, D6/2,IF(F6=3,C6/SQRT(3), )) -> =IF(F6=2, D6/2,IF(F6=3,C6/SQRT(3), )) | H6: ==+'2nd Page'!C7 -> =+'2nd Page'!C7 | I6: =='2nd Page'!E7 -> ='2nd Page'!E7 | J6: µm | K6: ==G6*I6 -> =G6*I6 | L6: ==K6*K6 -> =K6*K6 | M6: ∞
A7: U3 | C7: =='2nd Page'!B9 -> ='2nd Page'!B9 | D7: ==C7/2 -> =C7/2 | E7: ==IF(F7=2,"Normal-B",IF(F7=3,"Rectangular-B", "")) -> =IF(F7=2,"Normal-B",IF(F7=3,"Rectangular-B", "")) | F7: 3 | G7: ==IF(F7=2, C7/2,IF(F7=3,C7/SQRT(3), )) -> =IF(F7=2, C7/2,IF(F7=3,C7/SQRT(3), )) | H7: ==+'2nd Page'!C9 -> =+'2nd Page'!C9 | I7: =='2nd Page'!E9 -> ='2nd Page'!E9 | J7: µm | K7: ==G7*I7 -> =G7*I7 | L7: ==K7*K7 -> =K7*K7 | M7: ∞
A8: U4 | C8: =='2nd Page'!B11 -> ='2nd Page'!B11 | D8: ==C8/2 -> =C8/2 | E8: ==IF(F8=2,"Normal-B",IF(F8=3,"Rectangular-B", "")) -> =IF(F8=2,"Normal-B",IF(F8=3,"Rectangular-B", "")) | F8: 2 | G8: ==IF(F8=2, C8/2,IF(F8=3,C8/SQRT(3), )) -> =IF(F8=2, C8/2,IF(F8=3,C8/SQRT(3), )) | H8: ==+'2nd Page'!C11 -> =+'2nd Page'!C11 | I8: =='2nd Page'!E11 -> ='2nd Page'!E11 | J8: µm/°C | K8: ==G8*I8 -> =G8*I8 | L8: ==K8*K8 -> =K8*K8 | M8: ∞
A9: U5 | C9: =='2nd Page'!B13 -> ='2nd Page'!B13 | D9: ==C9/2 -> =C9/2 | E9: ==IF(F9=2,"Normal-B",IF(F9=3,"Rectangular-B", "")) -> =IF(F9=2,"Normal-B",IF(F9=3,"Rectangular-B", "")) | F9: 3 | G9: ==IF(F9=2, C9/2,IF(F9=3,C9/SQRT(3), )) -> =IF(F9=2, C9/2,IF(F9=3,C9/SQRT(3), )) | H9: ==+'2nd Page'!C13 -> =+'2nd Page'!C13 | I9: =='2nd Page'!E13 -> ='2nd Page'!E13 | J9: µm/°C | K9: ==G9*I9 -> =G9*I9 | L9: ==K9*K9 -> =K9*K9 | M9: ∞
A10: U6 | C10: ==+'2nd Page'!B15 -> =+'2nd Page'!B15 | D10: ==C10/2 -> =C10/2 | E10: ==IF(F10=2,"Normal-B",IF(F10=3,"Rectangular-B", "")) -> =IF(F10=2,"Normal-B",IF(F10=3,"Rectangular-B", "")) | F10: 3 | G10: ==IF(F10=2, C10/2,IF(F10=3,C10/SQRT(3), )) -> =IF(F10=2, C10/2,IF(F10=3,C10/SQRT(3), )) | H10: ==+'2nd Page'!C15 -> =+'2nd Page'!C15 | I10: ==+'2nd Page'!E15 -> =+'2nd Page'!E15 | J10: µm/°C | K10: ==G10*I10 -> =G10*I10 | L10: ==K10*K10 -> =K10*K10 | M10: ∞
A11: U7 | C11: ==+'2nd Page'!B17 -> =+'2nd Page'!B17 | D11: ==C11/2 -> =C11/2 | E11: ==IF(F11=2,"Normal-B",IF(F11=3,"Rectangular-B", "")) -> =IF(F11=2,"Normal-B",IF(F11=3,"Rectangular-B", "")) | F11: 3 | G11: ==IF(F11=2, C11/2,IF(F11=3,C11/SQRT(3), )) -> =IF(F11=2, C11/2,IF(F11=3,C11/SQRT(3), )) | H11: ==+'2nd Page'!C17 -> =+'2nd Page'!C17 | I11: ==+'2nd Page'!E17 -> =+'2nd Page'!E17 | J11: µm/°C | K11: ==G11*I11 -> =G11*I11 | L11: ==K11*K11 -> =K11*K11 | M11: ∞
A12: U8 | C12: =='2nd Page'!B19 -> ='2nd Page'!B19 | D12: ==C12/2 -> =C12/2 | E12: ==IF(F12=2,"Normal-B",IF(F12=3,"Rectangular-B", "")) -> =IF(F12=2,"Normal-B",IF(F12=3,"Rectangular-B", "")) | F12: 3 | G12: ==IF(F12=2, C12/2,IF(F12=3,C12/SQRT(3), )) -> =IF(F12=2, C12/2,IF(F12=3,C12/SQRT(3), )) | H12: ==+'2nd Page'!C19 -> =+'2nd Page'!C19 | I12: =='2nd Page'!E19 -> ='2nd Page'!E19 | J12: µm/°C | K12: ==G12*I12 -> =G12*I12 | L12: ==K12*K12 -> =K12*K12 | M12: ∞
A13: U9 | C13: =='2nd Page'!B21 -> ='2nd Page'!B21 | D13: ==C13/2 -> =C13/2 | E13: Type-A | F13: 5 | G13: ==IF(F13=2, C13/2,IF(F13=5,C13/SQRT(10), )) -> =IF(F13=2, C13/2,IF(F13=5,C13/SQRT(10), )) | H13: ==+'2nd Page'!C21 -> =+'2nd Page'!C21 | I13: 1 | J13: µm | K13: ==G13*I13 -> =G13*I13 | L13: ==K13*K13 -> =K13*K13 | M13: 9
L14: ==SUM(L5:L13) -> =SUM(L5:L13)
C15: Combined Standard Uncertainty = | F15: ==SQRT(L14) -> =SQRT(L14) | H15: mm
C17: Effective Degree of Freedom = | F17: ==(((F15/K13)^4)*M13) -> =(((F15/K13)^4)*M13)
C18: (Calculated Value)
C20: Coverage Factor = | F20: 2
C22: Expanded Uncertainty = | F22: ==ROUND(F20*F15,2) -> =ROUND(F20*F15,2) | H22: µm
A39: Study Conducted by: Balachandar M | I39: Witnessed By:

Sheet observation
A1: OBSERVED READINGS (All values are in mm)
A2: Description | B2: A-A | C2: B-B | D2: C-C | E2: Average
A3: Section - 1 | B3: 1.5398 | C3: 1.5398 | D3: 1.5398 | E3: ==ROUND(AVERAGE(B3:D3),4) -> =ROUND(AVERAGE(B3:D3),4)
A4: Section - 2 | B4: 1.5398 | C4: 1.5398 | D4: 1.5398 | E4: ==ROUND(AVERAGE(B4:D4),4) -> =ROUND(AVERAGE(B4:D4),4)
A5: Section - 3 | B5: 1.5399 | C5: 1.5399 | D5: 1.5399 | E5: ==ROUND(AVERAGE(B5:D5),4) -> =ROUND(AVERAGE(B5:D5),4)
A6: Section - 4 | B6: 1.5399 | C6: 1.5399 | D6: 1.5399 | E6: ==ROUND(AVERAGE(B6:D6),4) -> =ROUND(AVERAGE(B6:D6),4)
A7: Average Reading | E7: ==ROUND(AVERAGE(E3:E6),4) -> =ROUND(AVERAGE(E3:E6),4)
A9: OBSERVED READINGS (All values are in Inches)
A10: Description | B10: A-A | C10: B-B | D10: C-C | E10: Average
A11: Section - 1 | B11: ==ROUND(B3/25.4,5) -> =ROUND(B3/25.4,5) | C11: ==ROUND(C3/25.4,5) -> =ROUND(C3/25.4,5) | D11: ==ROUND(D3/25.4,5) -> =ROUND(D3/25.4,5) | E11: ==ROUND(AVERAGE(B11:D11),5) -> =ROUND(AVERAGE(B11:D11),5)
A12: Section - 2 | B12: ==ROUND(B4/25.4,5) -> =ROUND(B4/25.4,5) | C12: ==ROUND(C4/25.4,5) -> =ROUND(C4/25.4,5) | D12: ==ROUND(D4/25.4,5) -> =ROUND(D4/25.4,5) | E12: ==ROUND(AVERAGE(B12:D12),5) -> =ROUND(AVERAGE(B12:D12),5)
A13: Section - 3 | B13: ==ROUND(B5/25.4,5) -> =ROUND(B5/25.4,5) | C13: ==ROUND(C5/25.4,5) -> =ROUND(C5/25.4,5) | D13: ==ROUND(D5/25.4,5) -> =ROUND(D5/25.4,5) | E13: ==ROUND(AVERAGE(B13:D13),5) -> =ROUND(AVERAGE(B13:D13),5)
A14: Section - 4 | B14: ==ROUND(B6/25.4,5) -> =ROUND(B6/25.4,5) | C14: ==ROUND(C6/25.4,5) -> =ROUND(C6/25.4,5) | D14: ==ROUND(D6/25.4,5) -> =ROUND(D6/25.4,5) | E14: ==ROUND(AVERAGE(B14:D14),5) -> =ROUND(AVERAGE(B14:D14),5)
A15: Average Reading | E15: ==ROUND(AVERAGE(E11:E14),5) -> =ROUND(AVERAGE(E11:E14),5)
A17: Type - A
A18: Trail-1 | B18: Trail-2 | C18: Trail-3 | D18: Trail-4 | E18: Trail-5 | F18: Standard deviation
A19: 1.5398 | B19: 1.5398 | C19: 1.5398 | D19: 1.5398 | E19: 1.5398 | F19: ==ROUND(SQRT(MAX(VAR.S(A19:E19),0)),4) -> =ROUND(SQRT(MAX(VAR.S(A19:E19),0)),4)

Sheet certificate
A1: CALIBRATION RESULT (Observed Readings are in mm)
A2: Description | B2: Diameter | E2: Average
B3: A-A | C3: B-B | D3: C-C
A4: SEC-1 | B4: ==observation!B3 -> =observation!B3 | C4: ==observation!C3 -> =observation!C3 | D4: ==observation!D3 -> =observation!D3 | E4: ==observation!E3 -> =observation!E3
A5: SEC-2 | B5: ==observation!B4 -> =observation!B4 | C5: ==observation!C4 -> =observation!C4 | D5: ==observation!D4 -> =observation!D4 | E5: ==observation!E4 -> =observation!E4
A6: SEC-3 | B6: ==observation!B5 -> =observation!B5 | C6: ==observation!C5 -> =observation!C5 | D6: ==observation!D5 -> =observation!D5 | E6: ==observation!E5 -> =observation!E5
A7: SEC-4 | B7: ==observation!B6 -> =observation!B6 | C7: ==observation!C6 -> =observation!C6 | D7: ==observation!D6 -> =observation!D6 | E7: ==observation!E6 -> =observation!E6
A8: Average Reading | E8: ==MROUND(observation!E7,0.0001) -> =MROUND(observation!E7,0.0001)
A11: CALIBRATION RESULT (Observed Readings are in inches)
A12: Description | B12: Diameter | E12: Average
B13: A-A | C13: B-B | D13: C-C
A14: SEC-1 | B14: ==observation!B11 -> =observation!B11 | C14: ==observation!C11 -> =observation!C11 | D14: ==observation!D11 -> =observation!D11 | E14: ==MROUND(observation!E11,0.00001) -> =MROUND(observation!E11,0.00001)
A15: SEC-2 | B15: ==observation!B12 -> =observation!B12 | C15: ==observation!C12 -> =observation!C12 | D15: ==observation!D12 -> =observation!D12 | E15: ==MROUND(observation!E12,0.00001) -> =MROUND(observation!E12,0.00001)
A16: SEC-3 | B16: ==observation!B13 -> =observation!B13 | C16: ==observation!C13 -> =observation!C13 | D16: ==observation!D13 -> =observation!D13 | E16: ==MROUND(observation!E13,0.00001) -> =MROUND(observation!E13,0.00001)
A17: SEC-4 | B17: ==observation!B14 -> =observation!B14 | C17: ==observation!C14 -> =observation!C14 | D17: ==observation!D14 -> =observation!D14 | E17: ==MROUND(observation!E14,0.00001) -> =MROUND(observation!E14,0.00001)
A18: Average Reading | E18: ==MROUND(observation!E15,0.00001) -> =MROUND(observation!E15,0.00001)
A19: EXPANDED UNCERTAINTY : | B19: ±1.8µm ( The uncertainty of measurement is expressed at 95.45% Confidence with coverage factor K-2)

Sheet functionality
A1: {{Range}}
