Workbook
Name \0: #REF!
Name \a: #REF!
Name \c: #REF!
Name \l: #REF!
Name \p: #REF!
Name \q: #REF!
Name \s: #REF!
Name \u: #REF!
Name \w: #REF!
Name _FLD1: #REF!
Name _FLD2: #REF!
Name _FLD3: #REF!
Name _FLD4: #REF!
Name _FLD5: #REF!
Name _FLD6: #REF!
Name ■1次考課総合考課点の算出: #REF!
Name ■ウェイトの記入: #REF!
Name ■目標の記入: #REF!
Name ■目標の達成状況と自己評価_フィードバック面接時に必要: #REF!
Name ■自己評価・1次評価の判定: #REF!
Name ■難易度の記入: #REF!
Name ①: #REF!
Name ②: #REF!
Name A: [0]!A
Name aa: '2nd Page'!aa
Name aa: '3rd page'!aa
Name aa: [0]!aa
Name AAS: [0]!AAS
Name AS: [0]!AS
Name bb: '2nd Page'!bb
Name bb: '3rd page'!bb
Name bb: [0]!bb
Name d: '[3]SM-13仕様一覧'!#REF!
Name dsadwqdf: '2nd Page'!dsadwqdf
Name dsadwqdf: '3rd page'!dsadwqdf
Name dsadwqdf: [0]!dsadwqdf
Name ewgrtg: '2nd Page'!ewgrtg
Name ewgrtg: '3rd page'!ewgrtg
Name ewgrtg: [0]!ewgrtg
Name Excel_BuiltIn_Print_Area: '[4]FORMAT '!#REF!
Name FLD0: #REF!
Name FLDP: #REF!
Name FNAME: #REF!
Name gjfjfgjhfg: [0]!gjfjfgjhfg
Name HALF1: #REF!
Name HALF2: #REF!
Name HALF3: #REF!
Name HALF4: #REF!
Name HALF5: #REF!
Name HALF6: #REF!
Name KFF1枚目: #REF!
Name KFF2枚目: #REF!
Name LOOP1: #REF!
Name MAXN: #REF!
Name Print_Area_MI: #REF!
Name Print_Titles_MI: [6]Press!#REF!
Name ｑｑｑ: '2nd Page'!ｑｑｑ
Name ｑｑｑ: '3rd page'!ｑｑｑ
Name ｑｑｑ: [0]!ｑｑｑ
Name Range: '[7]Rough sheet-1'!$K$1:$L$30

Sheet Uncertanity Evaluation
A1: ESTIMATION OF UNCERTAINTY
H2: PLANT - 2
A4: 1. Laboratory : | C4: SANSERA ENGINEERING LTD. | G4: Date:
A6: 2.Device under calibration:
A7: Range : | C7: 0-10 / 0.010mm
A8: Resolution: | C8: NA
A10: 3.Standards / Equipment used for calibration :
A12: Sl.No. | B12: Standard / Equipment | C12: Range mm | E12: Resolution mm | G12: Uncertainty µm | H12: Traceability | M12: Uncertainty
A13: 1 | B13: ULM Machine | C13: 0-600 | E13: 0.001µm | G13: 0.056 | H13: Nabl Lab No:CC-3792 and Vide certificate no: RMTL/01/324101569-A1 Calibrated On: 13.05.2024 valid upto 13.05.2026 | M13: 0.08+0.82(L)
M14: 0.08 | N14: =0.82*0.02 -> 0.0164
M15: =M14+N14 -> 0.0964
A17: 4. Temperature during calibration (Deg C) :
B19: Beginning | C19: Middle | E19: End | G19: Mean | H19: RH%
L20: 46.3
L21: 47.1
A22: 5. Type A | L22: 48.9
B23: Number of Readings = | E23: 10 | L23: =AVERAGE(L20:L22) -> 47.433333
B25: Readings mm | C25: Mean | D25: µm | G25: Standard Deviation
B26: 0 | C26: =AVERAGE(B26:B35) -> 0.0014 | D26: =(B26- C26)*1000 -> -1.4 | F26: =D26^2 -> 1.96
B27: 0 | D27: =(B27- C26)*1000 -> -1.4 | F27: =D27*D27 -> 1.96
B28: 0 | D28: =(B28- C26)*1000 -> -1.4 | F28: =D28*D28 -> 1.96
B29: 0.002 | D29: =(B29- C26)*1000 -> 0.6 | F29: =D29*D29 -> 0.36
B30: 0 | D30: =(B30- C26)*1000 -> -1.4 | F30: =D30*D30 -> 1.96 | G30: =SQRT(F36/(E23-1)) -> 1.4298407
B31: 0.002 | D31: =(B31- C26)*1000 -> 0.6 | F31: =D31*D31 -> 0.36
B32: 0.001 | D32: =(B32- C26)*1000 -> -0.4 | F32: =D32*D32 -> 0.16
B33: 0.003 | D33: =(B33- C26)*1000 -> 1.6 | F33: =D33*D33 -> 2.56
B34: 0.004 | D34: =(B34- C26)*1000 -> 2.6 | F34: =D34*D34 -> 6.76
B35: 0.002 | D35: =(B35- C26)*1000 -> 0.6 | F35: =D35*D35 -> 0.36
F36: =SUM(F26:F35) -> 18.4
A38: 6.0 Standard deviation of the mean : | E38: n = | G38: =(G30/SQRT(E23)) -> 0.45215533 | H38: µm
A40: 7.0 Degree of Freedom : | E40: =E23-1 -> 9
A42: Study Conducted by: Uday. Witnessed By :

Sheet 2nd Page
A1: ESTIMATION OF UNCERTAINTY
E2: PLANT - 2
A3: 8.0 Type B Evaluation
A4: Source of Uncertainity | E4: Sensitivity Co-Efficient
A5: U1 = | B5: 0.056 | C5: µm | D5: Uncertainty reported in the calibration certifiacte of ULM | E5: 1
A7: U2= | B7: 0.11 | C7: µm | D7: Uncertainty Reported due to the Accuracy of the ULM | E7: 1
A9: U3 = | B9: 5 | C9: µm | D9: Uncertanity due to resolution of Dial indicator | E9: 1
A11: U4 = | B11: 0.3 | C11: °C | D11: Uncertanity mentioned in the calibration Report of Thermometer (0.020*0.3*(11.5+11.5)/2=0.02µm/°C | E11: 0.07 | G11: U5 | H11: =(0.02*0.3*(11.5+11.5)/2) -> 0.069
A13: U5 = | B13: 0.21 | C13: °C | D13: Uncertanity due to error of the thermometer (0.020*0.21*(11.5+11.5)/2=0.07µm/°C | E13: 0.05 | G13: U6 | H13: =(0.02*0.21*(11.5+11.5)/2) -> 0.0483
A15: U6 = | B15: 0.3 | C15: °C | D15: Uncertainty due to the difference in temperature of calibration & 20 deg centigrate. | E15: 0.23 | G15: U7 | H15: =(11.5+11.5)/2*0.02 -> 0.23
D16: Ci = alphaavg* length = (11.5+11.5)/2 *0.020 = 0.23
A17: U7= | B17: 0.5 | C17: °C | D17: Uncertainty due to temperature difference in Snap Gauge & reference item | E17: 0.23 | G17: U8 | H17: =(11.5+11.5)/2*0.02 -> 0.23
D18: Alphaavg*Length = (11.5+4.7)/2mm/m/°C * 0.020 = 0.23mm/°C
A19: U8 = | B19: 0.5 | C19: °C | D19: Uncertainty due to temperature variation during calibration | E19: 0.23 | G19: U9 | H19: =(11.5+11.5)/2*0.02 -> 0.23
D20: Alphaavg* length = (11.5+11.5)/2 *0.02 = 0.23
A21: U9 = | B21: 1.62 | C21: µ/°C/mtr | D21: Uncertainty due to thermal expansion coefficient (10% of root mean square of alpha) | E21: 0.04 | G21: U10 | H21: =2*0.02 -> 0.04
D22: Environmental Control* Length = 2.0°C * 0.020m = 0.04m°C
A23: U10 = | B23: =+'Uncertanity Evaluation'!G30 -> 1.4298407 | C23: µm | D23: Type A | E23: 1
H25: =11.5*11.5 -> 132.25
A38: Study Conducted by: Uday. Witnessed By :

Sheet 3rd page
A1: ESTIMATION OF UNCERTAINTY
M2: PLANT - 2
A3: UNCERTAINTY BUDGET :
A4: Source of Uncertanity X i | C4: Estimate x i | D4: Limits ± xi (µm) | E4: Probability Disturbution Type A or TypeB | G4: Standard uncertainity u(xi) | I4: Sensitivity Co-efficient ci | K4: Uncertainity Contribution ui (y) in µm | M4: Degree of freedom V i
A5: U1 | C5: ='2nd Page'!B5 -> 0.056 | D5: =C5/2 -> 0.028 | E5: =IF(F5=2,"Normal-B",IF(F5=3,"Rectangular-B", "")) -> Normal-B | F5: 2 | G5: =IF(F5=2, C5/2,IF(F5=3,C5/SQRT(3), )) -> 0.028 | H5: =+'2nd Page'!C5 -> µm | I5: ='2nd Page'!E5 -> 1 | J5: µm | K5: =G5*I5 -> 0.028 | L5: =K5*K5 -> 0.000784 | M5: ∞
A6: U2 | C6: ='2nd Page'!B7 -> 0.11 | D6: =C6/2 -> 0.055 | E6: =IF(F6=2,"Normal-B",IF(F6=3,"Rectangular-B", "")) -> Rectangular-B | F6: 3 | G6: =IF(F6=2, C6/2,IF(F6=3,C6/SQRT(3), )) -> 0.06350853 | H6: =+'2nd Page'!C7 -> µm | I6: ='2nd Page'!E7 -> 1 | J6: µm | K6: =G6*I6 -> 0.06350853 | L6: =K6*K6 -> 0.0040333333 | M6: ∞
A7: U3 | C7: ='2nd Page'!B9 -> 5 | D7: =C7/2 -> 2.5 | E7: =IF(F7=2,"Normal-B",IF(F7=3,"Rectangular-B", "")) -> Rectangular-B | F7: 3 | G7: =IF(F7=2, C7/2,IF(F7=3,C7/SQRT(3), )) -> 2.8867513 | H7: =+'2nd Page'!C9 -> µm | I7: ='2nd Page'!E9 -> 1 | J7: µm | K7: =G7*I7 -> 2.8867513 | L7: =K7*K7 -> 8.3333333 | M7: ∞
A8: U4 | C8: ='2nd Page'!B11 -> 0.3 | D8: =C8/2 -> 0.15 | E8: =IF(F8=2,"Normal-B",IF(F8=3,"Rectangular-B", "")) -> Normal-B | F8: 2 | G8: =IF(F8=2, C8/2,IF(F8=3,C8/SQRT(3), )) -> 0.15 | H8: =+'2nd Page'!C11 -> °C | I8: ='2nd Page'!E11 -> 0.07 | J8: µm/°C | K8: =G8*I8 -> 0.0105 | L8: =K8*K8 -> 0.00011025 | M8: ∞
A9: U5 | C9: ='2nd Page'!B13 -> 0.21 | D9: =C9/2 -> 0.105 | E9: =IF(F9=2,"Normal-B",IF(F9=3,"Rectangular-B", "")) -> Rectangular-B | F9: 3 | G9: =IF(F9=2, C9/2,IF(F9=3,C9/SQRT(3), )) -> 0.12124356 | H9: =+'2nd Page'!C13 -> °C | I9: ='2nd Page'!E13 -> 0.05 | J9: µm/°C | K9: =G9*I9 -> 0.0060621778 | L9: =K9*K9 -> 3.675e-05 | M9: ∞
A10: U6 | C10: ='2nd Page'!B15 -> 0.3 | D10: =C10/2 -> 0.15 | E10: =IF(F10=2,"Normal-B",IF(F10=3,"Rectangular-B", "")) -> Rectangular-B | F10: 3 | G10: =IF(F10=2, C10/2,IF(F10=3,C10/SQRT(3), )) -> 0.17320508 | H10: =+'2nd Page'!C15 -> °C | I10: ='2nd Page'!E15 -> 0.23 | J10: µm/°C | K10: =G10*I10 -> 0.039837169 | L10: =K10*K10 -> 0.001587 | M10: ∞ | Z10: 5
A11: U7 | C11: ='2nd Page'!B17 -> 0.5 | D11: =C11/2 -> 0.25 | E11: =IF(F11=2,"Normal-B",IF(F11=3,"Rectangular-B", "")) -> Rectangular-B | F11: 3 | G11: =IF(F11=2, C11/2,IF(F11=3,C11/SQRT(3), )) -> 0.28867513 | H11: =+'2nd Page'!C17 -> °C | I11: ='2nd Page'!E17 -> 0.23 | J11: µm/°C | K11: =G11*I11 -> 0.066395281 | L11: =K11*K11 -> 0.0044083333 | M11: ∞
A12: U8 | C12: ='2nd Page'!B19 -> 0.5 | D12: =C12/2 -> 0.25 | E12: =IF(F12=2,"Normal-B",IF(F12=3,"Rectangular-B", "")) -> Rectangular-B | F12: 3 | G12: =IF(F12=2, C12/2,IF(F12=3,C12/SQRT(3), )) -> 0.28867513 | H12: =+'2nd Page'!C19 -> °C | I12: ='2nd Page'!E19 -> 0.23 | J12: µm/°C | K12: =G12*I12 -> 0.066395281 | L12: =K12*K12 -> 0.0044083333 | M12: ∞
A13: U9 | C13: ='2nd Page'!B21 -> 1.62 | D13: =C13/2 -> 0.81 | E13: =IF(F13=2,"Normal-B",IF(F13=3,"Rectangular-B", "")) -> Rectangular-B | F13: 3 | G13: =IF(F13=2, C13/2,IF(F13=3,C13/SQRT(3), )) -> 0.93530744 | H13: =+'2nd Page'!C21 -> µ/°C/mtr | I13: ='2nd Page'!E21 -> 0.04 | J13: µm/°C | K13: =G13*I13 -> 0.037412297 | L13: =K13*K13 -> 0.00139968 | M13: ∞
A14: U10 | C14: ='2nd Page'!B23 -> 1.4298407 | D14: =C14/2 -> 0.71492035 | E14: Type-A | F14: 5 | G14: =IF(F14=2, C14/2,IF(F14=5,C14/SQRT(10), )) -> 0.45215533 | H14: =+'2nd Page'!C23 -> µm | I14: 1 | J14: µm | K14: =G14*I14 -> 0.45215533 | L14: =K14*K14 -> 0.20444444 | M14: 9
L15: =SUM(L5:L14) -> 8.5545455
C16: Combined Standard Uncertainty = | F16: =SQRT(L15) -> 2.9248155 | I16: mm
C18: Effective Degree of Freedom = | F18: =(((F16/K14)^4)*M14) -> 15757.444
C19: (Calculated Value)
C21: Coverage Factor = | F21: 2
C23: Expanded Uncertainty = | F23: =F21*F16 -> 5.8496309 | I23: mm
A39: Study Conducted by: Uday. Witnessed By :

Sheet Certificate
A1: Calibration Results ( Values are in µm)
C2: =Observation!B2 -> 0 | D2: =Observation!C2 -> 100 | E2: =Observation!D2 -> 200 | F2: =Observation!E2 -> 300 | G2: =Observation!F2 -> 400 | H2: =Observation!G2 -> 500 | I2: =Observation!H2 -> 600 | J2: =Observation!I2 -> 700 | ... L2: =Observation!K2 -> 900
A3: Turn - 1 | C3: =Observation!B3 -> 0 | D3: =Observation!C3 -> 0 | E3: =Observation!D3 -> 0 | F3: =Observation!E3 -> 0 | G3: =Observation!F3 -> 0 | H3: =Observation!G3 -> 0 | I3: =Observation!H3 -> 0 | J3: =Observation!I3 -> 0 | ... L3: =Observation!K3 -> 0
A4: Turn - 2 | C4: =Observation!B4 -> 0 | D4: =Observation!C4 -> 0 | E4: =Observation!D4 -> -10 | F4: =Observation!E4 -> 0 | G4: =Observation!F4 -> 0 | H4: =Observation!G4 -> 0 | I4: =Observation!H4 -> 0 | J4: =Observation!I4 -> 0 | ... L4: =Observation!K4 -> 0
A5: Turn - 3 | C5: =Observation!B5 -> -10 | D5: =Observation!C5 -> 0 | E5: =Observation!D5 -> ~ | F5: =Observation!E5 -> ~ | G5: =Observation!F5 -> ~ | H5: =Observation!G5 -> ~ | I5: =Observation!H5 -> ~ | J5: =Observation!I5 -> ~ | ... L5: =Observation!K5 -> 0
A6: Turn - 4 | C6: =Observation!B6 -> 0 | D6: =Observation!C6 -> 0 | E6: =Observation!D6 -> ~ | F6: =Observation!E6 -> ~ | G6: =Observation!F6 -> ~ | H6: =Observation!G6 -> ~ | I6: =Observation!H6 -> ~ | J6: =Observation!I6 -> ~ | ... L6: =Observation!K6 -> 0
A7: Turn - 5 | C7: =Observation!B7 -> 0 | D7: =Observation!C7 -> 0 | E7: =Observation!D7 -> ~ | F7: =Observation!E7 -> ~ | G7: =Observation!F7 -> ~ | H7: =Observation!G7 -> ~ | I7: =Observation!H7 -> ~ | J7: =Observation!I7 -> ~ | ... L7: =Observation!K7 -> 0
A8: Turn - 6 | C8: =Observation!B8 -> 0 | D8: =Observation!C8 -> 0 | E8: =Observation!D8 -> ~ | F8: =Observation!E8 -> ~ | G8: =Observation!F8 -> ~ | H8: =Observation!G8 -> ~ | I8: =Observation!H8 -> ~ | J8: =Observation!I8 -> ~ | ... L8: =Observation!K8 -> -10
A9: Turn - 7 | C9: =Observation!B9 -> -10 | D9: =Observation!C9 -> -10 | E9: =Observation!D9 -> ~ | F9: =Observation!E9 -> ~ | G9: =Observation!F9 -> ~ | H9: =Observation!G9 -> ~ | I9: =Observation!H9 -> ~ | J9: =Observation!I9 -> ~ | ... L9: =Observation!K9 -> 0
A10: Turn - 8 | C10: =Observation!B10 -> 0 | D10: =Observation!C10 -> -10 | E10: =Observation!D10 -> ~ | F10: =Observation!E10 -> ~ | G10: =Observation!F10 -> ~ | H10: =Observation!G10 -> ~ | I10: =Observation!H10 -> ~ | J10: =Observation!I10 -> ~ | ... L10: =Observation!K10 -> -10
A11: Turn - 9 | C11: =Observation!B11 -> 0 | D11: =Observation!C11 -> 0 | E11: =Observation!D11 -> ~ | F11: =Observation!E11 -> ~ | G11: =Observation!F11 -> ~ | H11: =Observation!G11 -> ~ | I11: =Observation!H11 -> ~ | J11: =Observation!I11 -> ~ | ... L11: =Observation!K11 -> 0
A12: Turn - 10 | C12: =Observation!B12 -> 0 | D12: =Observation!C12 -> 0 | E12: =Observation!D12 -> ~ | F12: =Observation!E12 -> ~ | G12: =Observation!F12 -> ~ | H12: =Observation!G12 -> ~ | I12: =Observation!H12 -> ~ | J12: =Observation!I12 -> ~ | ... L12: =Observation!K12 -> 0
A13: Turn - 11 | C13: =Observation!B13 -> -10 | D13: =Observation!C13 -> -10 | E13: =Observation!D13 -> ~ | F13: =Observation!E13 -> ~ | G13: =Observation!F13 -> ~ | H13: =Observation!G13 -> ~ | I13: =Observation!H13 -> ~ | J13: =Observation!I13 -> ~ | ... L13: =Observation!K13 -> -10
A14: Turn - 12 | C14: =Observation!B14 -> -10 | D14: =Observation!C14 -> -10 | E14: =Observation!D14 -> ~ | F14: =Observation!E14 -> ~ | G14: =Observation!F14 -> ~ | H14: =Observation!G14 -> ~ | I14: =Observation!H14 -> ~ | J14: =Observation!I14 -> ~ | ... L14: =Observation!K14 -> -10
A16: Allowable Error for L.C.- 0.01 mm Dial Gauge as per IS 2092-1983 (Values are in mm)
A17: Parameter | G17: Permissible Error | J17: Observed Error
A18: Hisyteris | G18: 0.003 | J18: =Observation!B15 -> 0
A19: Sensitivity | G19: 0.003 | J19: =Observation!F15 -> 0
A20: Repeatability | G20: 0.002 | J20: =Observation!J15 -> 0.001
A21: Any 1/10th rev. | G21: 0.005 | J21: =Observation!E21 -> 0.001
A22: Any 1 rev. | G22: 0.01 | J22: =Observation!E22 -> 0.002
A23: Any 2 revs. | G23: 0.015 | J23: =Observation!E23 -> 0.001
A24: Any large interval up to 10revs. | G24: 0.02 | J24: =Observation!E24 -> 0.002
A26: EXPANDED UNCERTAINTY : ±6.5µm ( The uncertainty of measurement is expressed at95.45% Confidence with coverage factor K-2)

Sheet Observation
A1: Upward Direction
B2: 0 | C2: 100 | D2: 200 | E2: 300 | F2: 400 | G2: 500 | H2: 600 | I2: 700 | J2: 800 | K2: 900
A3: Turn - 1 | B3: 0 | C3: 0 | D3: 0 | E3: 0 | F3: 0 | G3: 0 | H3: 0 | I3: 0 | J3: 0 | K3: 0
A4: Turn - 2 | B4: 0 | C4: 0 | D4: -10 | E4: 0 | F4: 0 | G4: 0 | H4: 0 | I4: 0 | J4: 0 | K4: 0
A5: Turn - 3 | B5: -10 | C5: 0 | D5: ~ | E5: ~ | F5: ~ | G5: ~ | H5: ~ | I5: ~ | J5: ~ | K5: 0
A6: Turn - 4 | B6: 0 | C6: 0 | D6: ~ | E6: ~ | F6: ~ | G6: ~ | H6: ~ | I6: ~ | J6: ~ | K6: 0
A7: Turn - 5 | B7: 0 | C7: 0 | D7: ~ | E7: ~ | F7: ~ | G7: ~ | H7: ~ | I7: ~ | J7: ~ | K7: 0
A8: Turn - 6 | B8: 0 | C8: 0 | D8: ~ | E8: ~ | F8: ~ | G8: ~ | H8: ~ | I8: ~ | J8: ~ | K8: -10
A9: Turn - 7 | B9: -10 | C9: -10 | D9: ~ | E9: ~ | F9: ~ | G9: ~ | H9: ~ | I9: ~ | J9: ~ | K9: 0
A10: Turn - 8 | B10: 0 | C10: -10 | D10: ~ | E10: ~ | F10: ~ | G10: ~ | H10: ~ | I10: ~ | J10: ~ | K10: -10
A11: Turn - 9 | B11: 0 | C11: 0 | D11: ~ | E11: ~ | F11: ~ | G11: ~ | H11: ~ | I11: ~ | J11: ~ | K11: 0
A12: Turn - 10 | B12: 0 | C12: 0 | D12: ~ | E12: ~ | F12: ~ | G12: ~ | H12: ~ | I12: ~ | J12: ~ | K12: 0
A13: Turn - 11 | B13: -10 | C13: -10 | D13: ~ | E13: ~ | F13: ~ | G13: ~ | H13: ~ | I13: ~ | J13: ~ | K13: -10
A14: Turn - 12 | B14: -10 | C14: -10 | D14: ~ | E14: ~ | F14: ~ | G14: ~ | H14: ~ | I14: ~ | J14: ~ | K14: -10
A15: Hisyteris: | D15: Sensitivity | H15: Repeatability: | J15: =AVERAGE(A19:E19) -> 0.001
A17: Type - A (Repeatability)
A18: Trail-1 | B18: Trail-2 | C18: Trail-3 | D18: Trail-4 | E18: Trail-5
A19: 0.001 | B19: 0.001 | C19: 0.001 | D19: 0.001 | E19: 0.001
A21: Any 1/10th Revision | E21: 0.001
A22: Any 1 Revision | E22: 0.002
A23: Any 2 Revision | E23: 0.001
A24: Any large interval up to 10 Revision | E24: 0.002
